{
    "created_at": "%currentTime%",
    "id": 821093087715987456,
    "id_str": "821093087715987456",
    "text": "%text%",
    "display_text_range": [0, %textLength%],
    "source": "<a href=\"http:\/\/tapbots.com\/software\/tweetbot\/mac\" rel=\"nofollow\">Tweetbot for Mac<\/a>",
    "truncated": false,
    "in_reply_to_status_id": null,
    "in_reply_to_status_id_str": null,
    "in_reply_to_user_id": 443972916,
    "in_reply_to_user_id_str": "443972916",
    "in_reply_to_screen_name": "jarenduren",
    "user": {
    "id": 97178022,
        "id_str": "97178022",
        "name": "Freek Van der Herten",
        "screen_name": "freekmurze",
        "location": "Antwerp, Belgium",
        "url": "https:\/\/murze.be",
        "description": "PHP developer, Laravel enthousiast at https:\/\/spatie.be, blogging at https:\/\/murze.be, package creator: http:\/\/spatie.be\/opensource, co-organizing @phpantwerp",
        "protected": false,
        "verified": false,
        "followers_count": 3913,
        "friends_count": 1156,
        "listed_count": 275,
        "favourites_count": 6422,
        "statuses_count": 15598,
        "created_at": "Wed Dec 16 09:56:14 +0000 2009",
        "utc_offset": 3600,
        "time_zone": "Brussels",
        "geo_enabled": true,
        "lang": "en",
        "contributors_enabled": false,
        "is_translator": false,
        "profile_background_color": "FFFFFF",
        "profile_background_image_url": "http:\/\/pbs.twimg.com\/profile_background_images\/435349478783320064\/EvvoYi0J.jpeg",
        "profile_background_image_url_https": "https:\/\/pbs.twimg.com\/profile_background_images\/435349478783320064\/EvvoYi0J.jpeg",
        "profile_background_tile": false,
        "profile_link_color": "909090",
        "profile_sidebar_border_color": "FFFFFF",
        "profile_sidebar_fill_color": "FFFFFF",
        "profile_text_color": "2C2C2C",
        "profile_use_background_image": false,
        "profile_image_url": "http:\/\/pbs.twimg.com\/profile_images\/613846262383652864\/3UKkvJFq_normal.jpg",
        "profile_image_url_https": "https:\/\/pbs.twimg.com\/profile_images\/613846262383652864\/3UKkvJFq_normal.jpg",
        "profile_banner_url": "https:\/\/pbs.twimg.com\/profile_banners\/97178022\/1435187942",
        "default_profile": false,
        "default_profile_image": false,
        "following": null,
        "follow_request_sent": null,
        "notifications": null
},
    "geo": null,
    "coordinates": null,
    "place": {
    "id": "2a8a74486cd0d519",
        "url": "https:\/\/api.twitter.com\/1.1\/geo\/id\/2a8a74486cd0d519.json",
        "place_type": "city",
        "name": "Antwerp",
        "full_name": "Antwerp, Belgium",
        "country_code": "BE",
        "country": "Belgium",
        "bounding_box": {
        "type": "Polygon",
            "coordinates": [
            [
                [4.218084, 51.143464],
                [4.218084, 51.377649],
                [4.498296, 51.377649],
                [4.498296, 51.143464]
            ]
        ]
    },
    "attributes": []
},
    "contributors": null,
    "is_quote_status": false,
    "retweet_count": 0,
    "favorite_count": 0,
    "entities": {
    "hashtags": [],
        "urls": [],
        "user_mentions": [{
        "screen_name": "jarenduren",
        "name": "jarenduren",
        "id": 443972916,
        "id_str": "443972916",
        "indices": [0, 11]
    }],
        "symbols": [],
        "media": [{
        "id": 821093076953432065,
        "id_str": "821093076953432065",
        "indices": [29, 52],
        "media_url": "\/images\/fake-tweet.jpg",
        "media_url_https": "\/images\/fake-tweet.jpg",
        "url": "https:\/\/t.co\/YDzJA2e9vu",
        "display_url": "pic.twitter.com\/YDzJA2e9vu",
        "expanded_url": "https:\/\/twitter.com\/freekmurze\/status\/821093087715987456\/photo\/1",
        "type": "photo",
        "sizes": {
            "medium": {
                "w": 1200,
                "h": 745,
                "resize": "fit"
            },
            "large": {
                "w": 2048,
                "h": 1272,
                "resize": "fit"
            },
            "thumb": {
                "w": 150,
                "h": 150,
                "resize": "crop"
            },
            "small": {
                "w": 680,
                "h": 422,
                "resize": "fit"
            }
        }
    }]
},
    "extended_entities": {
    "media": [{
        "id": 821093076953432065,
        "id_str": "821093076953432065",
        "indices": [29, 52],
        "media_url": "\/fake-tweet.jpg",
        "media_url_https": "\/images\/fake-tweet.jpg",
        "url": "https:\/\/t.co\/YDzJA2e9vu",
        "display_url": "pic.twitter.com\/YDzJA2e9vu",
        "expanded_url": "https:\/\/twitter.com\/freekmurze\/status\/821093087715987456\/photo\/1",
        "type": "photo",
        "sizes": {
            "medium": {
                "w": 1200,
                "h": 745,
                "resize": "fit"
            },
            "large": {
                "w": 2048,
                "h": 1272,
                "resize": "fit"
            },
            "thumb": {
                "w": 150,
                "h": 150,
                "resize": "crop"
            },
            "small": {
                "w": 680,
                "h": 422,
                "resize": "fit"
            }
        }
    }]
},
    "favorited": false,
    "retweeted": false,
    "possibly_sensitive": false,
    "filter_level": "low",
    "lang": "en",
    "timestamp_ms": "1484598821940"
}