{
    "created_at": "%currentTime",
    "id": 829639681142845442,
    "id_str": "829639681142845442",
    "text": "%text%",
    "truncated": false,
    "entities": {
    "hashtags": [],
        "symbols": [],
        "user_mentions": [],
        "urls": [{
        "url": "https:\/\/t.co\/vfYGmD3wVe",
        "expanded_url": "https:\/\/twitter.com\/spatie_be\/status\/829391006067982337",
        "display_url": "twitter.com\/spatie_be\/stat\u2026",
        "indices": [5, 28]
    }]
},
    "source": "<a href=\"http:\/\/twitter.com\" rel=\"nofollow\">Twitter Web Client<\/a>",
    "in_reply_to_status_id": null,
    "in_reply_to_status_id_str": null,
    "in_reply_to_user_id": null,
    "in_reply_to_user_id_str": null,
    "in_reply_to_screen_name": null,
    "user": {
    "id": 50056622,
        "id_str": "50056622",
        "name": "Alex",
        "screen_name": "AlexVanderbist",
        "location": "Antwerp, Belgium",
        "url": null,
        "description": "Student & web developer, 21 years old.",
        "protected": false,
        "followers_count": 216,
        "friends_count": 385,
        "listed_count": 5,
        "created_at": "Tue Jun 23 18:27:12 +0000 2009",
        "favourites_count": 1311,
        "utc_offset": 3600,
        "time_zone": "Brussels",
        "geo_enabled": true,
        "verified": false,
        "statuses_count": 1559,
        "lang": "nl",
        "contributors_enabled": false,
        "is_translator": false,
        "is_translation_enabled": false,
        "profile_background_color": "EBEBEB",
        "profile_background_image_url": "http:\/\/abs.twimg.com\/images\/themes\/theme7\/bg.gif",
        "profile_background_image_url_https": "https:\/\/abs.twimg.com\/images\/themes\/theme7\/bg.gif",
        "profile_background_tile": false,
        "profile_image_url": "http:\/\/pbs.twimg.com\/profile_images\/744852765525028864\/g2MphyFz_normal.jpg",
        "profile_image_url_https": "https:\/\/pbs.twimg.com\/profile_images\/744852765525028864\/g2MphyFz_normal.jpg",
        "profile_banner_url": "https:\/\/pbs.twimg.com\/profile_banners\/50056622\/1466421788",
        "profile_link_color": "D62B4E",
        "profile_sidebar_border_color": "DFDFDF",
        "profile_sidebar_fill_color": "F3F3F3",
        "profile_text_color": "333333",
        "profile_use_background_image": true,
        "default_profile": false,
        "default_profile_image": false,
        "following": null,
        "follow_request_sent": null,
        "notifications": null,
        "translator_type": "none"
},
    "geo": null,
    "coordinates": null,
    "place": null,
    "contributors": null,
    "is_quote_status": true,
    "quoted_status_id": 829391006067982337,
    "quoted_status_id_str": "829391006067982337",
    "quoted_status": {
    "created_at": "Wed Feb 08 18:06:39 +0000 2017",
        "id": 829391006067982337,
        "id_str": "829391006067982337",
        "text": "%quote%",
        "truncated": false,
        "entities": {
        "hashtags": [],
            "symbols": [],
            "user_mentions": [],
            "urls": [{
            "url": "https:\/\/t.co\/ytqUv2wxVE",
            "expanded_url": "http:\/\/git-awards.com\/users?language=php",
            "display_url": "git-awards.com\/users?language\u2026",
            "indices": [103, 126]
        }]
    },
    "source": "<a href=\"http:\/\/tapbots.com\/tweetbot\" rel=\"nofollow\">Tweetbot for i\u039fS<\/a>",
        "in_reply_to_status_id": null,
        "in_reply_to_status_id_str": null,
        "in_reply_to_user_id": null,
        "in_reply_to_user_id_str": null,
        "in_reply_to_screen_name": null,
        "user": {
        "id": 92947501,
            "id_str": "92947501",
            "name": "Spatie",
            "screen_name": "spatie_be",
            "location": "Antwerp, Belgium",
            "url": "http:\/\/spatie.be",
            "description": "Spatie is a webdesign agency based in Antwerp, Belgium. We specialize in @laravelphp development and create a lot of OSS https:\/\/spatie.be\/opensource",
            "protected": false,
            "followers_count": 1423,
            "friends_count": 474,
            "listed_count": 47,
            "created_at": "Fri Nov 27 10:59:27 +0000 2009",
            "favourites_count": 243,
            "utc_offset": 3600,
            "time_zone": "Brussels",
            "geo_enabled": false,
            "verified": false,
            "statuses_count": 3968,
            "lang": "en",
            "contributors_enabled": false,
            "is_translator": false,
            "is_translation_enabled": false,
            "profile_background_color": "007698",
            "profile_background_image_url": "http:\/\/abs.twimg.com\/images\/themes\/theme14\/bg.gif",
            "profile_background_image_url_https": "https:\/\/abs.twimg.com\/images\/themes\/theme14\/bg.gif",
            "profile_background_tile": false,
            "profile_image_url": "http:\/\/pbs.twimg.com\/profile_images\/758257719656742912\/VFt0XpKH_normal.jpg",
            "profile_image_url_https": "https:\/\/pbs.twimg.com\/profile_images\/758257719656742912\/VFt0XpKH_normal.jpg",
            "profile_banner_url": "https:\/\/pbs.twimg.com\/profile_banners\/92947501\/1469617720",
            "profile_link_color": "0D58DB",
            "profile_sidebar_border_color": "FFFFFF",
            "profile_sidebar_fill_color": "EFEFEF",
            "profile_text_color": "333333",
            "profile_use_background_image": true,
            "default_profile": false,
            "default_profile_image": false,
            "following": null,
            "follow_request_sent": null,
            "notifications": null,
            "translator_type": "none"
    },
    "geo": null,
        "coordinates": null,
        "place": null,
        "contributors": null,
        "is_quote_status": false,
        "retweet_count": 0,
        "favorite_count": 0,
        "favorited": false,
        "retweeted": false,
        "possibly_sensitive": false,
        "lang": "en"
},
    "retweet_count": 0,
    "favorite_count": 0,
    "favorited": false,
    "retweeted": false,
    "possibly_sensitive": false,
    "lang": "en"
}